name	variant	aa	alt_ad	dp	aaf	mutation_label
AY.75_50_BA.2.5_50	(241, 'C', 'T')	5-UTR:C241T	208	210	0.9904761904761905	Both
AY.75_50_BA.2.5_50	(670, 'T', 'G')	ORF1A:S135R	0	0	0	Omicron
AY.75_50_BA.2.5_50	(1048, 'G', 'T')	ORF1A:K261N	0	0	0	Delta
AY.75_50_BA.2.5_50	(1148, 'G', 'T')	ORF1A:G295C	0	0	0	Delta
AY.75_50_BA.2.5_50	(1191, 'C', 'T')	ORF1A:P309L	0	0	0	Delta
AY.75_50_BA.2.5_50	(2445, 'C', 'T')	ORF1A:T727I	0	0	0	Omicron
AY.75_50_BA.2.5_50	(2790, 'C', 'T')	ORF1A:T842I	236	239	0.9874476987447699	Omicron
AY.75_50_BA.2.5_50	(2832, 'A', 'G')	ORF1A:K856R	0	0	0	Omicron
AY.75_50_BA.2.5_50	(3037, 'C', 'T')	ORF1A:L1013L	241	244	0.9877049180327869	Delta
AY.75_50_BA.2.5_50	(4181, 'G', 'T')	ORF1A:A1306S	0	0	0	Delta
AY.75_50_BA.2.5_50	(4184, 'G', 'A')	ORF1A:G1307S	0	0	0	Omicron
AY.75_50_BA.2.5_50	(5406, 'T', 'C')	ORF1A:I1714T	0	0	0	Omicron
AY.75_50_BA.2.5_50	(5184, 'C', 'T')	ORF1A:P1640L	239	240	0.9958333333333333	Delta
AY.75_50_BA.2.5_50	(6402, 'C', 'T')	ORF1A:P2046L	0	0	0	Delta
AY.75_50_BA.2.5_50	(6770, 'A', 'G')	ORF1A:M2169V	0	0	0	Omicron
AY.75_50_BA.2.5_50	(6786, 'C', 'T')	ORF1A:T2174I	0	0	0	Omicron
AY.75_50_BA.2.5_50	(7124, 'C', 'T')	ORF1A:P2287S	0	0	0	Delta
AY.75_50_BA.2.5_50	(8208, 'C', 'T')	ORF1A:T2648I	0	0	0	Omicron
AY.75_50_BA.2.5_50	(8991, 'C', 'T')	ORF1A:A2909V	0	0	0	Omicron
AY.75_50_BA.2.5_50	(9053, 'G', 'T')	ORF1A:V2930L	0	0	0	Delta
AY.75_50_BA.2.5_50	(9344, 'C', 'T')	ORF1A:L3027F	225	226	0.995575221238938	Omicron
AY.75_50_BA.2.5_50	(9534, 'C', 'T')	ORF1A:T3090I	189	229	0.8253275109170306	Omicron
AY.75_50_BA.2.5_50	(9866, 'C', 'T')	ORF1A:L3201F	0	0	0	Omicron
AY.75_50_BA.2.5_50	(9891, 'C', 'T')	ORF1A:A3209V	228	248	0.9193548387096774	Delta
AY.75_50_BA.2.5_50	(10029, 'C', 'T')	ORF1A:T3255I	0	0	0	Omicron
AY.75_50_BA.2.5_50	(10449, 'C', 'A')	ORF1A:P3395H	0	0	0	Omicron
AY.75_50_BA.2.5_50	(11201, 'A', 'G')	ORF1A:T3646A	0	0	0	Delta
AY.75_50_BA.2.5_50	(11418, 'T', 'C')	ORF1A:V3718A	242	246	0.983739837398374	Delta
AY.75_50_BA.2.5_50	(11514, 'C', 'T')	ORF1A:T3750I	235	251	0.9362549800796812	Delta
AY.75_50_BA.2.5_50	(11537, 'A', 'G')	ORF1A:I3758V	0	0	0	Omicron
AY.75_50_BA.2.5_50	(12030, 'A', 'G')	ORF1A:Q3922R	0	0	0	Omicron
AY.75_50_BA.2.5_50	(14408, 'C', 'T')	ORF1B:P314L	244	248	0.9838709677419355	Both
AY.75_50_BA.2.5_50	(15243, 'G', 'T')	ORF1B:M592I	0	0	0	Delta
AY.75_50_BA.2.5_50	(15451, 'G', 'A')	ORF1B:G662S	237	251	0.9442231075697212	Delta
AY.75_50_BA.2.5_50	(16466, 'C', 'T')	ORF1B:P1000L	242	248	0.9758064516129032	Delta
AY.75_50_BA.2.5_50	(16616, 'C', 'A')	ORF1B:T1050N	0	0	0	Omicron
AY.75_50_BA.2.5_50	(17410, 'C', 'T')	ORF1B:R1315C	0	0	0	Omicron
AY.75_50_BA.2.5_50	(17678, 'C', 'T')	ORF1B:T1404M	0	0	0	Omicron
AY.75_50_BA.2.5_50	(18163, 'A', 'G')	ORF1B:I15666V	0	0	0	Omicron
AY.75_50_BA.2.5_50	(19220, 'C', 'T')	ORF1B:A1918V	0	0	0	Delta
AY.75_50_BA.2.5_50	(19955, 'C', 'T')	ORF1B:T2163I	0	0	0	Omicron
AY.75_50_BA.2.5_50	(20320, 'C', 'T')	ORF1B:H2285Y	0	0	0	Delta
AY.75_50_BA.2.5_50	(21618, 'C', 'G')	S:T19R	0	0	0	Delta
AY.75_50_BA.2.5_50	(21618, 'C', 'T')	S:T19I	0	0	0	Omicron
AY.75_50_BA.2.5_50	(21641, 'G', 'del')	S:A27S	0	0	0	Omicron
AY.75_50_BA.2.5_50	(21846, 'C', 'T')	S:T95I	0	0	0	Delta
AY.75_50_BA.2.5_50	(21987, 'G', 'A')	S:G142D	233	234	0.9957264957264957	Both
AY.75_50_BA.2.5_50	(22020, 'T', 'C')	S:M153T	0	0	0	Omicron
AY.75_50_BA.2.5_50	(22034, 'A', 'del')	S:R158G	0	0	0	Delta
AY.75_50_BA.2.5_50	(22054, 'T', 'G')	S:N164K	0	0	0	Omicron
AY.75_50_BA.2.5_50	(22200, 'T', 'G')	S:V213G	90	242	0.371900826446281	Omicron
AY.75_50_BA.2.5_50	(22227, 'C', 'T')	S:A222V	207	263	0.7870722433460076	Delta
AY.75_50_BA.2.5_50	(22295, 'C', 'A')	S:H245N	0	0	0	Omicron
AY.75_50_BA.2.5_50	(22332, 'G', 'A')	S:G257D	0	0	0	Omicron
AY.75_50_BA.2.5_50	(22335, 'G', 'T')	S:W258L	0	0	0	Delta
AY.75_50_BA.2.5_50	(22578, 'G', 'A')	S:G339D	0	0	0	Omicron
AY.75_50_BA.2.5_50	(22599, 'G', 'A')	S:R346K	0	0	0	Omicron
AY.75_50_BA.2.5_50	(22674, 'C', 'T')	S:S371F	0	0	0	Omicron
AY.75_50_BA.2.5_50	(22679, 'T', 'C')	S:S373P	0	0	0	Omicron
AY.75_50_BA.2.5_50	(22686, 'C', 'T')	S:S375F	0	0	0	Omicron
AY.75_50_BA.2.5_50	(22688, 'A', 'G')	S:T376A	0	0	0	Omicron
AY.75_50_BA.2.5_50	(22775, 'G', 'A')	S:D405N	0	0	0	Omicron
AY.75_50_BA.2.5_50	(22786, 'A', 'C')	S:R408S	0	0	0	Omicron
AY.75_50_BA.2.5_50	(22813, 'G', 'T')	S:K417N	0	0	0	Omicron
AY.75_50_BA.2.5_50	(22882, 'T', 'G')	S:N440K	0	0	0	Omicron
AY.75_50_BA.2.5_50	(22893, 'A', 'G')	S:K444R	0	0	0	Omicron
AY.75_50_BA.2.5_50	(22898, 'G', 'A')	S:G446S	0	0	0	Omicron
AY.75_50_BA.2.5_50	(22910, 'A', 'G')	S:N450D	0	0	0	Omicron
AY.75_50_BA.2.5_50	(22916, 'C', 'A')	S:L452R	0	0	0	Delta
AY.75_50_BA.2.5_50	(22916, 'T', 'G')	S:L452R	0	0	0	Delta
AY.75_50_BA.2.5_50	(22917, 'C', 'A')	S:L452R	0	0	0	Delta
AY.75_50_BA.2.5_50	(22942, 'T', 'G')	S:N460K	0	0	0	Omicron
AY.75_50_BA.2.5_50	(22992, 'G', 'A')	S:S477N	0	0	0	Omicron
AY.75_50_BA.2.5_50	(22995, 'C', 'A')	S:T478K	240	243	0.9876543209876543	Both
AY.75_50_BA.2.5_50	(23012, 'G', 'A')	S:E484A	0	0	0	Omicron
AY.75_50_BA.2.5_50	(23012, 'G', 'A')	S:E484A	0	0	0	Omicron
AY.75_50_BA.2.5_50	(23013, 'A', 'C')	S:E484A	0	0	0	Omicron
AY.75_50_BA.2.5_50	(23013, 'A', 'G')	S:E484A	0	0	0	Omicron
AY.75_50_BA.2.5_50	(23013, 'A', 'C')	S:E484A	0	0	0	Omicron
AY.75_50_BA.2.5_50	(23013, 'A', 'G')	S:E484A	0	0	0	Omicron
AY.75_50_BA.2.5_50	(23018, 'T', 'G')	S:F486V	0	0	0	Omicron
AY.75_50_BA.2.5_50	(23040, 'A', 'G')	S:Q493R	0	0	0	Omicron
AY.75_50_BA.2.5_50	(23055, 'A', 'G')	S:Q498R	0	0	0	Omicron
AY.75_50_BA.2.5_50	(23063, 'A', 'T')	S:N501Y	0	0	0	Omicron
AY.75_50_BA.2.5_50	(23075, 'T', 'C')	S:Y505H	0	0	0	Omicron
AY.75_50_BA.2.5_50	(23403, 'A', 'G')	S:D614G	237	241	0.983402489626556	Both
AY.75_50_BA.2.5_50	(23525, 'C', 'T')	S:H655Y	0	0	0	Omicron
AY.75_50_BA.2.5_50	(23599, 'T', 'G')	S:N679K	0	0	0	Omicron
AY.75_50_BA.2.5_50	(23604, 'C', 'A')	S:P681H	0	0	0	Omicron
AY.75_50_BA.2.5_50	(23604, 'C', 'G')	S:P681R	241	242	0.9958677685950413	Delta
AY.75_50_BA.2.5_50	(23854, 'C', 'A')	S:N764K	0	0	0	Omicron
AY.75_50_BA.2.5_50	(23948, 'G', 'T')	S:D796Y	0	0	0	Omicron
AY.75_50_BA.2.5_50	(24410, 'G', 'A')	S:D950N	67	255	0.2627450980392157	Delta
AY.75_50_BA.2.5_50	(24424, 'A', 'T')	S:Q954H	206	244	0.8442622950819673	Omicron
AY.75_50_BA.2.5_50	(24469, 'T', 'A')	S:N969K	167	231	0.7229437229437229	Omicron
AY.75_50_BA.2.5_50	(24503, 'C', 'T')	S:L981F	0	0	0	Omicron
AY.75_50_BA.2.5_50	(25352, 'G', 'T')	S:V1264L	0	0	0	Delta
AY.75_50_BA.2.5_50	(25469, 'C', 'T')	ORF3A:S26L	232	260	0.8923076923076924	Delta
AY.75_50_BA.2.5_50	(25810, 'C', 'T')	ORF3A:L140F	0	0	0	Omicron
AY.75_50_BA.2.5_50	(25855, 'G', 'T')	ORF3A:D155Y	241	246	0.9796747967479674	Delta
AY.75_50_BA.2.5_50	(26060, 'C', 'T')	ORF3A:T2231I	0	0	0	Omicron
AY.75_50_BA.2.5_50	(26104, 'G', 'T')	ORF3A:D238Y	0	0	0	Delta
AY.75_50_BA.2.5_50	(26270, 'C', 'T')	E:T9I	0	0	0	Omicron
AY.75_50_BA.2.5_50	(26529, 'G', 'A')	M:D3N	0	0	0	Omicron
AY.75_50_BA.2.5_50	(26530, 'A', 'G')	M:D3G	0	0	0	Omicron
AY.75_50_BA.2.5_50	(26577, 'C', 'G')	M:Q19E	0	0	0	Omicron
AY.75_50_BA.2.5_50	(26709, 'G', 'A')	M:A63T	0	0	0	Omicron
AY.75_50_BA.2.5_50	(26767, 'T', 'C')	M:I82T	237	257	0.9221789883268483	Delta
AY.75_50_BA.2.5_50	(27382, 'G', 'C')	ORF6:D61L	0	0	0	Omicron
AY.75_50_BA.2.5_50	(27383, 'A', 'T')	ORF6:D61L	0	0	0	Omicron
AY.75_50_BA.2.5_50	(27384, 'T', 'C')	ORF6:D61L	0	0	0	Omicron
AY.75_50_BA.2.5_50	(27638, 'T', 'C')	ORF7A:V82A	134	234	0.5726495726495726	Delta
AY.75_50_BA.2.5_50	(27739, 'C', 'T')	ORF7A:L116F	0	0	0	Delta
AY.75_50_BA.2.5_50	(27752, 'C', 'T')	ORF7A:T120I	69	241	0.2863070539419087	Delta
AY.75_50_BA.2.5_50	(27874, 'C', 'T')	ORF7B:T40I	0	0	0	Delta
AY.75_50_BA.2.5_50	(28271, 'A', 'T')	N:A28271T	204	208	0.9807692307692307	Omicron
AY.75_50_BA.2.5_50	(28311, 'C', 'T')	N:P13L	156	210	0.7428571428571429	Omicron
AY.75_50_BA.2.5_50	(28461, 'A', 'G')	N:D63G	212	228	0.9298245614035088	Delta
AY.75_50_BA.2.5_50	(28881, 'G', 'T')	N:R203M	0	0	0	Delta
AY.75_50_BA.2.5_50	(28881, 'G', 'A')	N:R203K	0	0	0	Omicron
AY.75_50_BA.2.5_50	(28882, 'G', 'A')	N:R203K	41	205	0.2	Omicron
AY.75_50_BA.2.5_50	(28883, 'G', 'C')	N:G204R	44	214	0.205607476635514	Omicron
AY.75_50_BA.2.5_50	(28916, 'G', 'T')	N:G215C	0	0	0	Delta
AY.75_50_BA.2.5_50	(29402, 'G', 'T')	N:D377Y	0	0	nan	Delta
AY.75_50_BA.2.5_50	(29427, 'G', 'A')	N:R385K	0	0	0	Delta
AY.75_50_BA.2.5_50	(29510, 'A', 'C')	N:S413R	0	1	0.0	Omicron
AY.75_50_BA.2.5_50	(29742, 'G', 'T')	3-UTR:G29742T	0	0	0	Delta
