Position	RNA_change	VCF	gene	protein_change	Delta	Omicron
241	C241T	"('241', 'C', 'T')"	5-UTR	C241T	yes	yes
670	T670G	"('670', 'T', 'G')"	ORF1A	S135R		yes
1048	G1048T	"('1048', 'G', 'T')"	ORF1A	K261N	yes	
1148	G1148T	"('1148', 'G', 'T')"	ORF1A	G295C	yes	
1191	G1191T	"('1191', 'C', 'T')"	ORF1A	P309L	yes	
2445	C2445T	"('2445', 'C', 'T')"	ORF1A	T727I		yes
2790	C2790T	"('2790', 'C', 'T')"	ORF1A	T842I		yes
2832	A2832G	"('2832', 'A', 'G')"	ORF1A	K856R		yes
3037	C3037T	"('3037', 'C', 'T')"	ORF1A	L1013L	yes	
4181	G4181T	"('4181', 'G', 'T')"	ORF1A	A1306S	yes	
4184	G4184A	"('4184', 'G', 'A')"	ORF1A	G1307S		yes
5406	T5406C	"('5406', 'T', 'C')"	ORF1A	I1714T		yes
5184	C5184T	"('5184', 'C', 'T')"	ORF1A	P1640L	yes	
6402	C6402T	"('6402', 'C', 'T')"	ORF1A	P2046L	yes	
6730	C6730T	"('6730', 'C', 'T')"	ORF1A	N2155		
6770	A6770G	"('6770', 'A', 'G')"	ORF1A	M2169V		yes
6786	C6786T	"('6786', 'C', 'T')"	ORF1A	T2174I		yes
7124	C7124T	"('7124', 'C', 'T')"	ORF1A	P2287S	yes	
8208	C8208T	"('8208', 'C', 'T')"	ORF1A	T2648I		yes
8991	C8991T	"('8991', 'C', 'T')"	ORF1A	A2909V		yes
9053	G9053T	"('9053', 'G', 'T')"	ORF1A	V2930L	yes	
9344	C9344T	"('9344', 'C', 'T')"	ORF1A	L3027F		yes
9534	C9534T	"('9534', 'C', 'T')"	ORF1A	T3090I		yes
9866	C9866T	"('9866', 'C', 'T')"	ORF1A	L3201F		yes
9891	C9891T	"('9891', 'C', 'T')"	ORF1A	A3209V	yes	
10029	C10029T	"('10029', 'C', 'T')"	ORF1A	T3255I		yes
10449	C10449A	"('10449', 'C', 'A')"	ORF1A	P3395H		yes
10605	C10605T	"('10605', 'C', 'T')"	ORF1A	P3447L		
11201	A11201G	"('11201', 'A', 'G')"	ORF1A	T3646A	yes	
11418	T11418C	"('11418', 'T', 'C')"	ORF1A	V3718A	yes	
11514	C11514T	"('11514', 'C', 'T')"	ORF1A	T3750I	yes	
11537	A11537G	"('11537', 'A', 'G')"	ORF1A	I3758V		yes
12030	A12030G	"('12030', 'A', 'G')"	ORF1A	Q3922R		yes
12459	C12459T	"('12459', 'C', 'T')"	ORF1A	T4065I		
12946	T12946C	"('12946', 'T', 'C')"	ORF1A	F4316L		
14117	C14117T	"('14117', 'C', 'T')"	ORF1B	T217M		
14408	C14408T	"('14408', 'C', 'T')"	ORF1B	P314L	yes	yes
14457	A14457G	"('14457', 'A', 'G')"	ORF1B	P4819P		
15243	G15243T	"('15243', 'G', 'T')"	ORF1B	M592I	yes	
15451	G15451A	"('15451', 'G', 'A')"	ORF1B	G662S	yes	
16193	C16193T	"('16193', 'C', 'T')"	ORF1B	P909L		
16466	C16466T	"('16466', 'C', 'T')"	ORF1B	P1000L	yes	
16616	C16616A	"('16616', 'C', 'A')"	ORF1B	T1050N		yes
17410	C17410T	"('17410', 'C', 'T')"	ORF1B	R1315C		yes
17678	C17678T	"('17678', 'C', 'T')"	ORF1B	T1404M		yes
18163	A18163G	"('18163', 'A', 'G')"	ORF1B	I15666V		yes
18868	A18868G	"('18868', 'A', 'G')"	ORF1B	T1801A		
19220	C19220T	"('19220', 'C', 'T')"	ORF1B	A1918V	yes	
19473	T19473C	"('19473', 'T', 'C')"	ORF1B			
19955	C19955T	"('19955', 'C', 'T')"	ORF1B	T2163I		yes
20055	A20055G	"('20055', 'A', 'G')"	ORF1B			
20320	C20320T	"('20320', 'C', 'T')"	ORF1B	H2285Y	yes	
21618	C21618G	"('21618', 'C', 'G')"	S	T19R	yes	
21618	C21618T	"('21618', 'C', 'T')"	S	T19I		yes
21633	T21633C	"('21633', 'T', 'C')"	S			
21641	G21641del	"('21641', 'G', 'del')"	S	A27S		yes
21846	C21846T	"('21846', 'C', 'T')"	S	T95I	yes	
21855	C21855T	"('21855', 'C', 'T')"	S	S98F		
21987	G21987A	"('21987', 'G', 'A')"	S	G142D	yes	yes
22020	T22020C	"('22020', 'T', 'C')"	S	M153T		yes
22034	A22034del	"('22034', 'A', 'del')"	S	R158G	yes	
22054	T22054G	"('22054', 'T', 'G')"	S	N164K		yes
22200	T22200G	"('22200', 'T', 'G')"	S	V213G		yes
22227	C22227T	"('22227', 'C', 'T')"	S	A222V	yes	
22295	C22295A	"('22295', 'C', 'A')"	S	H245N		yes
22332	G22332A	"('22332', 'G', 'A')"	S	G257D		yes
22335	G22335T	"('22335', 'G', 'T')"	S	W258L	yes	
22578	G22578A	"('22578', 'G', 'A')"	S	G339D		yes
22599	G22599A	"('22599', 'G', 'A')"	S	R346K		yes
22674	C22674T	"('22674', 'C', 'T')"	S	S371F		yes
22679	T22679C	"('22679', 'T', 'C')"	S	S373P		yes
22686	C22686T	"('22686', 'C', 'T')"	S	S375F		yes
22688	A22688G	"('22688', 'A', 'G')"	S	T376A		yes
22775	G22775A	"('22775', 'G', 'A')"	S	D405N		yes
22786	A22786C	"('22786', 'A', 'C')"	S	R408S		yes
22813	G22813T	"('22813', 'G', 'T')"	S	K417N		yes
22882	T22882G	"('22882', 'T', 'G')"	S	N440K		yes
22893	A22893G	"('22893', 'A', 'G')"	S	K444R		yes
22898	G22898A	"('22898', 'G', 'A')"	S	G446S		yes
22910	A22910G	"('22910', 'A', 'G')"	S	N450D		yes
22916	C22916A	"('22916', 'C', 'A')"	S	L452R	yes	
22916	T22916G	"('22916', 'T', 'G')"	S	L452R	yes	
22917	C22917A	"('22917', 'C', 'A')"	S	L452R	yes	
22942	T22942G	"('22942', 'T', 'G')"	S	N460K		yes
22992	G22992A	"('22992', 'G', 'A')"	S	S477N		yes
22995	C22995A	"('22995', 'C', 'A')"	S	T478K	yes	yes
23012	G23012A	"('23012', 'G', 'A')"	S	E484A		yes
23012	G23012A	"('23012', 'G', 'A')"	S	E484R		yes
23013	A23013C	"('23013', 'A', 'C')"	S	E484A		yes
23013	A23013G	"('23013', 'A', 'G')"	S	E484A		yes
23013	A23013C	"('23013', 'A', 'C')"	S	E484R		yes
23013	A23013G	"('23013', 'A', 'G')"	S	E484R		yes
23018	T23018G	"('23018', 'T', 'G')"	S	F486V		yes
23040	A23040G	"('23040', 'A', 'G')"	S	Q493R		yes
23055	A23055G	"('23055', 'A', 'G')"	S	Q498R		yes
23063	A23063T	"('23063', 'A', 'T')"	S	N501Y		yes
23075	T23075C	"('23075', 'T', 'C')"	S	Y505H		yes
23403	A23403G	"('23403', 'A', 'G')"	S	D614G	yes	yes
23417	G23417C	"('23417', 'G', 'C')"	S	E619Q		
23525	C23525T	"('23525', 'C', 'T')"	S	H655Y		yes
23599	T23599G	"('23599', 'T', 'G')"	S	N679K		yes
23604	C23604A	"('23604', 'C', 'A')"	S	P681H		yes
23604	C23604G	"('23604', 'C', 'G')"	S	P681R	yes	
23854	C23854A	"('23854', 'C', 'A')"	S	N764K		yes
23948	G23948T	"('23948', 'G', 'T')"	S	D796Y		yes
24410	G24410A	"('24410', 'G', 'A')"	S	D950N	yes	
24424	A24424T	"('24424', 'A', 'T')"	S	Q954H		yes
24469	T24469A	"('24469', 'T', 'A')"	S	N969K		yes
24503	C24503T	"('24503', 'C', 'T')"	S	L981F		yes
25352	G25352T	"('25352', 'G', 'T')"	S	V1264L	yes	
25398	T25398C	"('25398', 'T', 'C')"	ORF3A	D8466D		
25469	C25469T	"('25469', 'C', 'T')"	ORF3A	S26L	yes	
25486	A25486G	"('25486', 'A', 'G')"	ORF3A	T32A		
25810	C25810T	"('25810', 'C', 'T')"	ORF3A	L140F		yes
25855	G25855T	"('25855', 'G', 'T')"	ORF3A	D155Y	yes	
26060	C26060T	"('26060', 'C', 'T')"	ORF3A	T2231I		yes
26104	G26104T	"('26104', 'G', 'T')"	ORF3A	D238Y	yes	
26270	C26270T	"('26270', 'C', 'T')"	E	T9I		yes
26529	G26529A	"('26529', 'G', 'A')"	M	D3N		yes
26530	A26530G	"('26530', 'A', 'G')"	M	D3G		yes
26577	C26577G	"('26577', 'C', 'G')"	M	Q19E		yes
26709	G26709A	"('26709', 'G', 'A')"	M	A63T		yes
26767	T26767C	"('26767', 'T', 'C')"	M	I82T	yes	
27382	G27382C	"('27382', 'G', 'C')"	ORF6	D61L		yes
27383	A27383T	"('27383', 'A', 'T')"	ORF6	D61L		yes
27384	T27384C	"('27384', 'T', 'C')"	ORF6	D61L		yes
27638	T27638C	"('27638', 'T', 'C')"	ORF7A	V82A	yes	
27739	C27739T	"('27739', 'C', 'T')"	ORF7A	L116F	yes	
27752	C27752T	"('27752', 'C', 'T')"	ORF7A	T120I	yes	
27874	C27874T	"('27874', 'C', 'T')"	ORF7B	T40I	yes	
28047	A28047T	"('28047', 'A', 'T')"	ORF8	R52*		
28271	A28271T	"('28271', 'A', 'T')"	N	A28271T		yes
28311	C28311T	"('28311', 'C', 'T')"	N	P13L		yes
28461	A28461G	"('28461', 'A', 'G')"	N	D63G	yes	
28881	G28881T	"('28881', 'G', 'T')"	N	R203M	yes	
28881	G28882A	"('28881', 'G', 'A')"	N	R203K		yes
28882	G28882A	"('28882', 'G', 'A')"	N	R203K		yes
28883	G28883C	"('28883', 'G', 'C')"	N	G204R		yes
28916	G28916T	"('28916', 'G', 'T')"	N	G215C	yes	
29402	G29402T	"('29402', 'G', 'T')"	N	D377Y	yes	
29427	G29427A	"('29427', 'G', 'A')"	N	R385K	yes	
29510	A29510C	"('29510', 'A', 'C')"	N	S413R		yes
29742	G29742T	"('29742', 'G', 'T')"	3-UTR	G29742T	yes	